location,date,estimate,estimate_top_95,estimate_top_50,estimate_bot_50,estimate_bot_95,official_covid_deaths,known_excess_deaths
Africa,2020-01-01,339.396,339.396,339.396,128.541,-213.06,NA,FALSE
Oceania,2020-01-01,-2.38,1.57,-1.603,-2.38,-5.964,NA,FALSE
Europe,2020-01-01,-0.149,0.036,-0.039,-0.149,-0.149,NA,FALSE
Asia,2020-01-01,-366.444,-366.444,-366.444,-1083.03,-1210.12,NA,FALSE
Latin America and Caribbean,2020-01-01,1.577,4.011,1.577,-4.535,-4.535,0,FALSE
North America,2020-01-01,0,0,0,0,0,NA,FALSE
Africa,2020-01-06,339.274,339.274,339.274,138.814,-212.137,NA,FALSE
Oceania,2020-01-06,-2.381,1.476,-2.029,-2.381,-5.77,NA,FALSE
Europe,2020-01-06,-0.149,0.036,-0.039,-0.149,-0.149,NA,FALSE
Asia,2020-01-06,-339.348,-339.348,-339.348,-1075.016,-1199.885,NA,FALSE
Latin America and Caribbean,2020-01-06,1.255,4.309,1.255,-3.9,-3.9,0,FALSE
North America,2020-01-06,0,0,0,0,0,NA,FALSE
Africa,2020-01-13,338.93,338.93,338.93,125.531,-263.987,NA,FALSE
Oceania,2020-01-13,-2.443,2.194,-1.936,-2.443,-5.889,NA,FALSE
Europe,2020-01-13,-0.149,0.036,-0.039,-0.149,-0.149,NA,FALSE
Asia,2020-01-13,-587.66,-587.66,-587.66,-1340.803,-1429.082,NA,FALSE
Latin America and Caribbean,2020-01-13,6.139,10.685,6.139,4.459,2.727,0,FALSE
North America,2020-01-13,0,0,0,0,0,NA,FALSE
Africa,2020-01-20,340.59,340.59,340.59,116.329,-154.398,NA,FALSE
Oceania,2020-01-20,-5.574,0.69,-2.45,-5.574,-6.246,NA,FALSE
Europe,2020-01-20,-0.186,-0.012,-0.012,-0.186,-0.192,NA,FALSE
Asia,2020-01-20,-878.812,-878.812,-878.812,-1582.083,-1808.417,NA,FALSE
Latin America and Caribbean,2020-01-20,1.717,3.145,1.717,-3.209,-3.209,0,FALSE
North America,2020-01-20,0,0,0,0,0,NA,FALSE
Africa,2020-01-27,313.323,313.323,313.323,161.29,-233.944,NA,FALSE
Oceania,2020-01-27,-23.701,-17.66,-21.35,-23.701,-24.189,0,FALSE
Europe,2020-01-27,-887.926,-887.836,-887.836,-887.926,-888.245,0,FALSE
Asia,2020-01-27,-182.254,-32.764,-32.764,-182.254,-1435.747,10.833,FALSE
Latin America and Caribbean,2020-01-27,-86.13,-86.13,-86.13,-93.958,-93.958,0,FALSE
North America,2020-01-27,-195.038,-195.038,-195.038,-195.038,-195.038,0,FALSE
Africa,2020-02-03,461.225,461.225,461.225,262.742,-187.126,NA,FALSE
Oceania,2020-02-03,-20.025,-14.593,-20.025,-20.067,-22.947,0,FALSE
Europe,2020-02-03,-1007.941,-1007.838,-1007.847,-1007.941,-1008.365,0,FALSE
Asia,2020-02-03,1273.265,1555.575,1273.265,926.016,-283.886,46.25,FALSE
Latin America and Caribbean,2020-02-03,49.493,49.493,49.493,44.824,34.478,0,FALSE
North America,2020-02-03,-128.824,-128.824,-128.824,-128.824,-128.824,0,FALSE
Africa,2020-02-10,181.395,269.354,269.354,181.395,-406.659,NA,FALSE
Oceania,2020-02-10,-4.948,8.055,8.055,-4.948,-5.147,0,FALSE
Europe,2020-02-10,-889.772,-889.693,-889.701,-889.772,-890.141,0,FALSE
Asia,2020-02-10,-193.906,-25.527,-193.906,-764.167,-1911.14,81.375,FALSE
Latin America and Caribbean,2020-02-10,-16.684,-15.799,-16.684,-17.662,-33.225,0,FALSE
North America,2020-02-10,-187.252,-187.252,-187.252,-187.252,-187.252,0,FALSE
Africa,2020-02-17,214.745,304.666,304.666,214.745,-413.946,0,FALSE
Oceania,2020-02-17,-8.815,-3.529,-7.653,-8.815,-9.426,0,FALSE
Europe,2020-02-17,-1280.51,-1280.424,-1280.502,-1280.51,-1280.933,0.125,FALSE
Asia,2020-02-17,-726.3,-726.3,-726.3,-1864.744,-2657.977,120.125,FALSE
Latin America and Caribbean,2020-02-17,-49.233,-47.762,-47.762,-49.233,-65.91,0,FALSE
North America,2020-02-17,-92.609,-92.609,-92.609,-92.609,-92.609,0,FALSE
Africa,2020-02-24,-605.111,-14.634,-14.634,-605.111,-1198.21,0,FALSE
Oceania,2020-02-24,-4.352,0.908,-1.254,-4.352,-5.283,0,FALSE
Europe,2020-02-24,-1207.548,-1207.31,-1207.548,-1207.558,-1207.969,0.875,FALSE
Asia,2020-02-24,-565.556,-565.556,-565.556,-1684.908,-2253.87,106.25,FALSE
Latin America and Caribbean,2020-02-24,-117.857,-117.857,-117.857,-132.622,-138.618,0,FALSE
North America,2020-02-24,13.941,13.941,13.941,13.941,13.941,0,FALSE
Africa,2020-03-02,-23.659,1065.83,723.13,-23.659,-836.232,0,FALSE
Oceania,2020-03-02,-21.679,-15.226,-19.429,-21.679,-21.679,0.125,FALSE
Europe,2020-03-02,-840.528,-840.287,-840.287,-840.528,-841.108,6.5,FALSE
Asia,2020-03-02,-3578.747,-3235.191,-3235.191,-3578.747,-4152.716,69.25,FALSE
Latin America and Caribbean,2020-03-02,63.045,93.907,66.259,63.045,63.045,0,FALSE
North America,2020-03-02,37.726,37.726,37.726,37.726,37.726,2,FALSE
Africa,2020-03-09,-288.783,285.638,285.638,-288.783,-970.444,0.125,FALSE
Oceania,2020-03-09,-19.818,-13.138,-16.519,-19.818,-20.17,0.25,FALSE
Europe,2020-03-09,492.012,492.297,492.18,492.012,491.621,61.375,FALSE
Asia,2020-03-09,-1618.981,-1480.415,-1618.981,-1789.35,-2413.074,60,FALSE
Latin America and Caribbean,2020-03-09,67.055,114.983,67.055,65.49,65.49,1,FALSE
North America,2020-03-09,41.212,41.212,41.212,41.212,41.212,3.625,FALSE
Africa,2020-03-16,-248.499,204.732,204.732,-248.499,-1232.354,0.875,FALSE
Oceania,2020-03-16,-5.266,1.889,-1.814,-5.266,-5.266,0,FALSE
Europe,2020-03-16,2343.592,2343.781,2343.594,2343.592,2343.248,303,FALSE
Asia,2020-03-16,-906.593,-906.593,-906.593,-1619.427,-2456.717,106.25,FALSE
Latin America and Caribbean,2020-03-16,-35.72,-3.188,-35.72,-42.319,-42.319,3.533,FALSE
North America,2020-03-16,202.983,202.983,202.983,202.983,202.983,10,FALSE
Africa,2020-03-23,-280.596,-132.852,-132.852,-280.596,-1357.419,5.875,FALSE
Oceania,2020-03-23,3.944,8.647,4.358,3.944,2.532,0.5,FALSE
Europe,2020-03-23,4401.642,4401.67,4401.642,4401.558,4401.335,1015.375,FALSE
Asia,2020-03-23,-722.211,-348.274,-714.956,-722.211,-1927.355,171.5,FALSE
Latin America and Caribbean,2020-03-23,337.548,376.842,337.548,335.887,335.887,17.427,FALSE
North America,2020-03-23,867.583,867.583,867.583,867.583,867.583,93.5,FALSE
Africa,2020-03-30,-458.758,-318.75,-318.75,-458.758,-1798.071,15.75,FALSE
Oceania,2020-03-30,18.864,21.5,18.864,18.642,16.131,1.375,FALSE
Europe,2020-03-30,6089.285,6089.289,6089.285,6089.279,6089.144,2385.75,FALSE
Asia,2020-03-30,-3047.047,-2469.492,-2469.492,-3047.047,-4170.78,202.75,FALSE
Latin America and Caribbean,2020-03-30,806.393,836.546,806.393,790.67,790.67,53.358,FALSE
North America,2020-03-30,2266.869,2266.869,2266.869,2266.869,2266.869,471.5,FALSE
Africa,2020-04-06,-525.631,-359.62,-359.62,-525.631,-1927.351,42,FALSE
Oceania,2020-04-06,2.933,6.076,3.31,2.933,-1.884,3,FALSE
Europe,2020-04-06,6000.272,6000.275,6000.275,6000.272,6000.18,3614.125,FALSE
Asia,2020-04-06,-2711.763,-2490.162,-2580.331,-2711.763,-4008.88,282.25,FALSE
Latin America and Caribbean,2020-04-06,865.04,904.754,865.04,848.254,848.254,152.28,FALSE
North America,2020-04-06,3349.069,3349.069,3349.069,3349.069,3349.069,1419.25,FALSE
Africa,2020-04-13,-388.499,-356.353,-356.353,-388.499,-1868.629,48.875,FALSE
Oceania,2020-04-13,-19.188,-16.891,-19.188,-19.994,-23.703,3.75,FALSE
Europe,2020-04-13,5086.382,5086.508,5086.508,5086.382,5086.332,3945.25,FALSE
Asia,2020-04-13,-2655.874,-2586.6,-2655.874,-3213.356,-4206.151,341.125,FALSE
Latin America and Caribbean,2020-04-13,873.315,916.925,873.315,862.176,858.844,284.071,FALSE
North America,2020-04-13,3189.04,3189.04,3189.04,3189.04,3189.04,2207.125,FALSE
Africa,2020-04-20,-448.98,-448.98,-448.98,-560.809,-1716.303,46.375,FALSE
Oceania,2020-04-20,-19.141,-15.087,-15.087,-19.141,-22.92,1.875,FALSE
Europe,2020-04-20,3618.618,3618.859,3618.618,3618.549,3618.436,3568.375,FALSE
Asia,2020-04-20,-2237.212,-2237.212,-2237.212,-3639.519,-4121.172,516.125,FALSE
Latin America and Caribbean,2020-04-20,1140.6,1175.256,1140.6,1116.432,1114.044,433.208,FALSE
North America,2020-04-20,2915.583,2915.583,2915.583,2915.583,2915.583,2332,FALSE
Africa,2020-04-27,-161.004,-161.004,-161.004,-481.294,-1856.184,42.625,FALSE
Oceania,2020-04-27,-44.55,-37.592,-42.512,-44.55,-45.389,2.875,FALSE
Europe,2020-04-27,2291.037,2291.179,2291.179,2291.037,2290.835,2866,FALSE
Asia,2020-04-27,-2008.823,-1269.742,-2008.823,-2674.427,-2674.427,352.75,FALSE
Latin America and Caribbean,2020-04-27,1400.476,1428.646,1400.476,1392.579,1387.7,685,FALSE
North America,2020-04-27,2245.069,2245.069,2245.069,2245.069,2245.069,2214.625,FALSE
Africa,2020-05-04,376.425,376.425,376.425,220.045,-1021.651,52.5,FALSE
Oceania,2020-05-04,-33.374,-25.455,-28.316,-33.374,-34.016,1.75,FALSE
Europe,2020-05-04,1723.555,1723.62,1723.614,1723.555,1723.056,2086.25,FALSE
Asia,2020-05-04,1029.723,1478.702,1029.723,386.68,26.596,358.5,FALSE
Latin America and Caribbean,2020-05-04,2688.201,2688.201,2688.201,2672.025,2633.851,1050.875,FALSE
North America,2020-05-04,1954.554,1954.554,1954.554,1954.554,1954.554,2003.875,FALSE
Africa,2020-05-11,466.089,466.089,466.089,342.399,-777.523,68.5,FALSE
Oceania,2020-05-11,-50.286,-41.252,-46.406,-50.286,-52.601,0.375,FALSE
Europe,2020-05-11,1740.81,1740.822,1740.81,1740.787,1740.298,1629.625,FALSE
Asia,2020-05-11,1247.178,2226.551,1247.178,821.127,223.575,360.25,FALSE
Latin America and Caribbean,2020-05-11,2942.95,2944.866,2942.95,2923.218,2883.881,1359.25,FALSE
North America,2020-05-11,1670.64,1670.64,1670.64,1670.64,1670.64,1795.5,FALSE
Africa,2020-05-18,527.407,527.407,527.407,406.744,-791.784,67.625,FALSE
Oceania,2020-05-18,-48.499,-38.101,-44.165,-48.499,-49.961,0.25,FALSE
Europe,2020-05-18,1302.693,1302.693,1302.693,1302.572,1301.9,1292.625,FALSE
Asia,2020-05-18,2530.446,2841.037,2530.446,1577.392,1159.996,364.125,FALSE
Latin America and Caribbean,2020-05-18,3156.04,3157.223,3156.04,3151.601,3117.858,1621.125,FALSE
North America,2020-05-18,1257.754,1257.754,1257.754,1257.754,1257.754,1498,FALSE
Africa,2020-05-25,550.911,550.911,550.911,351.029,-791.251,90.125,FALSE
Oceania,2020-05-25,-58.592,-49.489,-55.119,-58.592,-59.554,0.375,FALSE
Europe,2020-05-25,956.746,956.836,956.763,956.746,956.388,712.25,FALSE
Asia,2020-05-25,5833.013,5833.013,5833.013,2561.281,1720.427,382,FALSE
Latin America and Caribbean,2020-05-25,3305.344,3307.538,3305.344,3302.916,3256.684,1951,FALSE
North America,2020-05-25,1038.154,1038.154,1038.154,1038.154,1038.154,1205,FALSE
Africa,2020-06-01,1850.674,1970.201,1970.201,1850.674,594.749,123.625,FALSE
Oceania,2020-06-01,-72.338,-61.529,-69.962,-72.338,-74.03,0.125,FALSE
Europe,2020-06-01,1432.947,1433.171,1432.976,1432.947,1432.881,517.5,FALSE
Asia,2020-06-01,8625.715,9348.25,8625.715,6201.603,5167.477,479.875,FALSE
Latin America and Caribbean,2020-06-01,3401.438,3428.517,3401.438,3389.662,3362.337,1996.125,FALSE
North America,2020-06-01,820.64,820.64,820.64,820.64,820.64,992.125,FALSE
Africa,2020-06-08,2181.95,2181.95,2181.95,1975.919,575.757,142.625,FALSE
Oceania,2020-06-08,-62.682,-53.535,-59.798,-62.682,-64.712,-0.125,FALSE
Europe,2020-06-08,1320.809,1321.029,1320.809,1320.667,1320.561,590.875,FALSE
Asia,2020-06-08,10824.312,10824.312,10824.312,8103.686,5661.22,614.125,FALSE
Latin America and Caribbean,2020-06-08,3586.433,3636.391,3586.433,3562.779,3548.122,2422,FALSE
North America,2020-06-08,715.583,715.583,715.583,715.583,715.583,832.875,FALSE
Africa,2020-06-15,3247.451,3247.451,3247.451,2585.57,1566.573,196.625,FALSE
Oceania,2020-06-15,-78.449,-68.096,-75.205,-78.449,-80.855,0,FALSE
Europe,2020-06-15,993.124,993.255,993.124,993.01,992.882,481.25,FALSE
Asia,2020-06-15,10184.594,10184.594,10184.594,10124.184,4620.854,770.75,FALSE
Latin America and Caribbean,2020-06-15,3602.862,3631.006,3602.862,3572.57,3569.739,2445.25,FALSE
North America,2020-06-15,749.697,749.697,749.697,749.697,749.697,707.75,FALSE
Africa,2020-06-22,3325.352,3325.352,3325.352,2966.337,1985.042,234.875,FALSE
Oceania,2020-06-22,-87.368,-78.169,-84.734,-87.368,-90.341,0,FALSE
Europe,2020-06-22,1553.971,1554.115,1553.971,1553.805,1553.692,570.375,FALSE
Asia,2020-06-22,12101.024,12101.024,12101.024,9544.372,5954.785,1100.375,FALSE
Latin America and Caribbean,2020-06-22,3588.181,3618.157,3588.181,3570.493,3570.122,2650.875,FALSE
North America,2020-06-22,834.269,834.269,834.269,834.269,834.269,587.375,FALSE
Africa,2020-06-29,3742.565,3742.565,3742.565,3128.197,2206.801,220.375,FALSE
Oceania,2020-06-29,-84.054,-75.243,-75.47,-84.054,-86.981,0.25,FALSE
Europe,2020-06-29,1326.315,1326.49,1326.352,1326.315,1326.193,362.625,FALSE
Asia,2020-06-29,13828.244,13828.244,13828.244,9822.572,6914.359,939.875,FALSE
Latin America and Caribbean,2020-06-29,3737.705,3742.527,3737.705,3675.959,3675.959,2596.875,FALSE
North America,2020-06-29,972.897,972.897,972.897,972.897,972.897,545.5,FALSE
Africa,2020-07-06,3732.819,3732.819,3732.819,3238.675,2181.568,243.375,FALSE
Oceania,2020-07-06,-82.699,-76.642,-77.3,-82.699,-85.833,0.25,FALSE
Europe,2020-07-06,1280.178,1280.264,1280.178,1280.162,1280.037,363.875,FALSE
Asia,2020-07-06,11554.039,11554.039,11554.039,8348.195,6739.811,1065,FALSE
Latin America and Caribbean,2020-07-06,4638.562,4644.389,4638.562,4567.107,4567.107,2578.5,FALSE
North America,2020-07-06,1361.069,1361.069,1361.069,1361.069,1361.069,516.125,FALSE
Africa,2020-07-13,4392.884,4392.884,4392.884,3595.268,2562.378,262.5,FALSE
Asia,2020-07-13,12200.491,12200.491,12200.491,9276.897,6998.301,1155.125,FALSE
Oceania,2020-07-13,-89.362,-79.266,-79.266,-89.362,-91.171,0.25,FALSE
Europe,2020-07-13,1248.405,1248.447,1248.405,1248.4,1248.293,345.75,FALSE
Latin America and Caribbean,2020-07-13,4753.654,4753.654,4753.654,4650.257,4650.257,2688.25,FALSE
North America,2020-07-13,1579.183,1579.183,1579.183,1579.183,1579.183,743,FALSE
Africa,2020-07-20,4403.815,4403.815,4403.815,3656.937,2600.529,272.75,FALSE
Asia,2020-07-20,12213.855,12213.855,12213.855,9591.165,7053.375,1376.5,FALSE
Oceania,2020-07-20,-76.631,-71.659,-73.668,-76.631,-81.073,2.25,FALSE
Europe,2020-07-20,1264.289,1264.378,1264.289,1264.198,1264.109,306,FALSE
Latin America and Caribbean,2020-07-20,4725.235,4742.608,4725.235,4613.935,4613.935,2871.75,FALSE
North America,2020-07-20,1742.783,1742.783,1742.783,1742.783,1742.783,765.125,FALSE
Africa,2020-07-27,4108.405,4108.405,4108.405,3526.335,2579.565,375.75,FALSE
Asia,2020-07-27,12155.759,12155.759,12155.759,10367.953,7244.661,1372.25,FALSE
Oceania,2020-07-27,-65.19,-58.855,-64.042,-65.19,-69.172,5.5,FALSE
Europe,2020-07-27,2163.652,2163.718,2163.652,2163.522,2163.522,284.375,FALSE
Latin America and Caribbean,2020-07-27,4623.094,4659.958,4623.094,4524.159,4514.428,2809,FALSE
North America,2020-07-27,1725.669,1725.669,1725.669,1725.669,1725.669,960.125,FALSE
Africa,2020-08-03,2834.35,2834.35,2834.35,2401.49,1616.001,357.625,FALSE
Asia,2020-08-03,11408.26,11721.162,11408.26,9871.458,8169.166,1383.875,FALSE
Oceania,2020-08-03,-74.055,-71.658,-74.055,-75.801,-79.055,9.25,FALSE
Europe,2020-08-03,1442.597,1442.686,1442.597,1442.372,1442.372,291.25,FALSE
Latin America and Caribbean,2020-08-03,4399.305,4402.719,4399.305,4324.195,4310.48,2864.25,FALSE
North America,2020-08-03,1628.612,1628.612,1628.612,1628.612,1628.612,1052.75,FALSE
Africa,2020-08-10,2707.277,2707.277,2707.277,2331.676,1350.948,411.75,FALSE
Asia,2020-08-10,12043.914,13721.694,13438.154,12043.914,9251.652,1459.5,FALSE
Oceania,2020-08-10,-61.51,-59.392,-61.51,-62.94,-65.303,13.875,FALSE
Europe,2020-08-10,2440.601,2440.751,2440.601,2440.529,2440.529,309.125,FALSE
Latin America and Caribbean,2020-08-10,4127.63,4127.63,4127.63,4031.426,4021.707,2999.75,FALSE
North America,2020-08-10,1677.012,1677.012,1677.012,1677.012,1677.012,988.75,FALSE
Africa,2020-08-17,2783.776,2783.776,2783.776,2542.886,1208.295,327.25,FALSE
Asia,2020-08-17,13359.157,15813.432,15813.432,13359.157,10689.016,1485.375,FALSE
Oceania,2020-08-17,-85.178,-84.427,-85.178,-85.457,-88.734,15.625,FALSE
Europe,2020-08-17,1808.485,1808.624,1808.485,1808.379,1808.379,326.75,FALSE
Latin America and Caribbean,2020-08-17,3852.836,3852.836,3852.836,3762.686,3745.091,2856.75,FALSE
North America,2020-08-17,1542.983,1542.983,1542.983,1542.983,1542.983,954.75,FALSE
Africa,2020-08-24,2181.005,2181.005,2181.005,1828.97,438.566,296.5,FALSE
Asia,2020-08-24,13495.291,15536.928,15536.928,13495.291,10583.923,1420.5,FALSE
Oceania,2020-08-24,-97.666,-93.84,-97.389,-97.666,-103.813,13.125,FALSE
Europe,2020-08-24,1491.769,1491.95,1491.769,1491.689,1491.689,315.25,FALSE
Latin America and Caribbean,2020-08-24,3570.772,3570.772,3570.772,3473.654,3450.603,2788.5,FALSE
North America,2020-08-24,1249.526,1249.526,1249.526,1249.526,1249.526,894.125,FALSE
Africa,2020-08-31,1523.402,1843.134,1843.134,1523.402,195.269,253.375,FALSE
Asia,2020-08-31,12503.053,15217.075,15217.075,12503.053,8111.089,1529.75,FALSE
Oceania,2020-08-31,-76.821,-72.29,-74.123,-76.821,-78.429,17.75,FALSE
Europe,2020-08-31,1292.722,1293.212,1292.722,1292.703,1292.703,311.5,FALSE
Latin America and Caribbean,2020-08-31,3237.856,3252.749,3237.856,3162.912,3162.912,2595,FALSE
North America,2020-08-31,1117.983,1117.983,1117.983,1117.983,1117.983,860.25,FALSE
Africa,2020-09-07,1219.073,1433.944,1433.944,1219.073,-391.815,241.875,FALSE
Asia,2020-09-07,13664.589,16314.818,16314.818,13664.589,11220.109,1590.375,FALSE
Oceania,2020-09-07,-79.83,-68.312,-71.09,-79.83,-80,15,FALSE
Europe,2020-09-07,2295.826,2296.422,2295.878,2295.826,2295.826,365.625,FALSE
Latin America and Caribbean,2020-09-07,2721.453,2721.453,2721.453,2598.085,2584.035,2548.018,FALSE
North America,2020-09-07,984.697,984.697,984.697,984.697,984.697,777.625,FALSE
Africa,2020-09-14,1145.449,1145.449,1145.449,864.655,-371.698,186.25,FALSE
Asia,2020-09-14,15067.411,16464.351,16464.351,15067.411,11097.839,1757.875,FALSE
Oceania,2020-09-14,-89.54,-78.019,-78.019,-89.54,-89.54,7.125,FALSE
Europe,2020-09-14,2392.117,2392.761,2392.138,2392.117,2392.117,374.375,FALSE
Latin America and Caribbean,2020-09-14,2468.692,2468.692,2468.692,2391.64,2363.963,2328.554,FALSE
North America,2020-09-14,995.412,995.412,995.412,995.412,995.412,698,FALSE
Africa,2020-09-21,1225.349,1225.349,1225.349,974.9,-315.62,182.5,FALSE
Asia,2020-09-21,13913.591,16099.633,16099.633,13913.591,10358.277,1828.625,FALSE
Oceania,2020-09-21,-54.917,-43.123,-43.123,-54.917,-55.792,5,FALSE
Europe,2020-09-21,1955.805,1956.286,1955.805,1955.773,1955.773,515.125,FALSE
Latin America and Caribbean,2020-09-21,2472.574,2472.574,2472.574,2385.718,2357.707,2016.417,FALSE
North America,2020-09-21,1130.097,1130.097,1130.097,1130.097,1130.097,732.75,FALSE
Africa,2020-09-28,1128.892,1128.892,1128.892,703.983,-345.845,187.625,FALSE
Asia,2020-09-28,13360.589,15862.551,15862.551,13360.589,9592.243,1720.625,FALSE
Oceania,2020-09-28,-48.509,-37.217,-37.217,-48.509,-48.509,4.375,FALSE
Europe,2020-09-28,2250.705,2251.204,2250.833,2250.705,2250.705,583.25,FALSE
Latin America and Caribbean,2020-09-28,2270.189,2270.189,2270.189,2168.735,2162.315,2046.125,FALSE
North America,2020-09-28,842.983,842.983,842.983,842.983,842.983,730.375,FALSE
Africa,2020-10-05,1226.452,1226.452,1226.452,1008.214,-479.075,184.375,FALSE
Asia,2020-10-05,12378.756,14552.711,14552.711,12378.756,7993.168,1698.625,FALSE
Oceania,2020-10-05,-67.33,-55.274,-55.274,-67.33,-67.33,2.875,FALSE
Europe,2020-10-05,3665.316,3665.696,3665.316,3665.052,3665.052,675.875,FALSE
Latin America and Caribbean,2020-10-05,2471.041,2471.041,2471.041,2375.1,2365.214,2602.625,FALSE
North America,2020-10-05,1155.012,1155.012,1155.012,1155.012,1155.012,714.875,FALSE
Africa,2020-10-12,1443.044,1443.044,1443.044,1216.186,-60.934,223.875,FALSE
Asia,2020-10-12,11256.044,12420.295,12420.295,11256.044,7650.212,1644.25,FALSE
Oceania,2020-10-12,-58.294,-45.85,-45.85,-58.294,-58.31,1,FALSE
Europe,2020-10-12,4317.813,4318.141,4317.813,4317.643,4317.643,854.5,FALSE
Latin America and Caribbean,2020-10-12,2387.082,2387.082,2387.082,2293.077,2293.077,2116.25,FALSE
North America,2020-10-12,880.554,880.554,880.554,880.554,880.554,716.875,FALSE
Africa,2020-10-19,1466.599,1466.599,1466.599,1205.395,-308.031,227.75,FALSE
Asia,2020-10-19,11189.015,11685.932,11685.932,11189.015,7440.904,1532.75,FALSE
Oceania,2020-10-19,-40.685,-30.846,-32.048,-40.685,-40.847,1.625,FALSE
Europe,2020-10-19,5780.613,5780.964,5780.613,5780.513,5780.513,1166.625,FALSE
Latin America and Caribbean,2020-10-19,2516.614,2516.614,2516.614,2412.322,2412.322,1627,FALSE
North America,2020-10-19,1085.412,1085.412,1085.412,1085.412,1085.412,739.5,FALSE
Africa,2020-10-26,936.58,1121.741,1121.741,936.58,-253.537,232.625,FALSE
Asia,2020-10-26,11801.141,12109.311,12109.311,11801.141,6853.131,1471.75,FALSE
Oceania,2020-10-26,-50.726,-34.831,-34.831,-50.726,-50.726,1.5,FALSE
Europe,2020-10-26,6940.393,6940.738,6940.393,6940.143,6940.143,1674.375,FALSE
Latin America and Caribbean,2020-10-26,2487.366,2487.366,2487.366,2359.301,2359.301,1666.875,FALSE
North America,2020-10-26,1222.297,1222.297,1222.297,1222.297,1222.297,823.625,FALSE
Africa,2020-11-02,2262.127,2262.127,2262.127,2024.926,1285.886,266.25,FALSE
Asia,2020-11-02,13222.932,13222.932,13222.932,12619.961,6930.373,1430.5,FALSE
Oceania,2020-11-02,-26.983,-16.309,-16.309,-26.983,-28.2,2.5,FALSE
Europe,2020-11-02,9328.649,9329.108,9328.649,9328.078,9328.078,2490.875,FALSE
Latin America and Caribbean,2020-11-02,2569.962,2569.962,2569.962,2462.246,2462.246,1581.375,FALSE
North America,2020-11-02,1836.726,1836.726,1836.726,1836.726,1836.726,863.5,FALSE
Africa,2020-11-09,2661.704,2661.704,2661.704,2272.432,1484.956,304.25,FALSE
Asia,2020-11-09,13236.37,13236.37,13236.37,12630.058,7434.09,1560,FALSE
Oceania,2020-11-09,-11.251,0.856,0.856,-11.251,-11.907,2.5,FALSE
Europe,2020-11-09,9703.272,9703.623,9703.272,9702.698,9702.698,3630.25,FALSE
Latin America and Caribbean,2020-11-09,2575.78,2575.78,2575.78,2460.565,2460.565,1515.375,FALSE
North America,2020-11-09,1883.269,1883.269,1883.269,1883.269,1883.269,1059.5,FALSE
Africa,2020-11-16,2610.039,2610.039,2610.039,2285.98,1473.949,285.125,FALSE
Asia,2020-11-16,12684.304,12684.304,12684.304,12185.09,7089.017,1551.375,FALSE
Oceania,2020-11-16,-34.013,-22.09,-22.09,-34.013,-34.711,2.125,FALSE
Europe,2020-11-16,9625.146,9625.521,9625.146,9624.74,9624.74,4203.25,FALSE
Latin America and Caribbean,2020-11-16,2612.12,2612.12,2612.12,2531.608,2499.881,1632.786,FALSE
North America,2020-11-16,2282.469,2282.469,2282.469,2282.469,2282.469,1189.125,FALSE
Africa,2020-11-23,2284.364,2284.364,2284.364,2022.595,1256.427,328.125,FALSE
Asia,2020-11-23,12565.385,12565.385,12565.385,12280.489,7184.908,1702,FALSE
Oceania,2020-11-23,-31.049,-18.178,-18.178,-31.049,-31.245,1.875,FALSE
Europe,2020-11-23,9470.743,9471.12,9470.743,9470.448,9470.448,4638.125,FALSE
Latin America and Caribbean,2020-11-23,2649.351,2649.351,2649.351,2561.791,2544.51,1524.375,FALSE
North America,2020-11-23,2473.04,2473.04,2473.04,2473.04,2473.04,1601.375,FALSE
Africa,2020-11-30,2664.577,2664.577,2664.577,2225.819,1223.969,284.25,FALSE
Asia,2020-11-30,10989.185,12665.357,12665.357,10989.185,6949.463,1701.75,FALSE
Oceania,2020-11-30,0.531,12.812,12.812,0.531,-1.307,1.625,FALSE
Europe,2020-11-30,9224.672,9225.074,9224.734,9224.672,9224.447,4887,FALSE
Latin America and Caribbean,2020-11-30,2767.292,2767.292,2767.292,2659.564,2652.472,1690.875,FALSE
North America,2020-11-30,2918.983,2918.983,2918.983,2918.983,2918.983,1603,FALSE
Africa,2020-12-07,3109.386,3109.386,3109.386,2724.149,1596.792,299.375,FALSE
Asia,2020-12-07,11185.301,12506.812,12506.812,11185.301,7027.186,1622.75,FALSE
Oceania,2020-12-07,-24.593,-11.257,-11.257,-24.593,-28.109,0.75,FALSE
Europe,2020-12-07,8880.589,8880.818,8880.589,8880.573,8880.458,4787.375,FALSE
Latin America and Caribbean,2020-12-07,3273.021,3273.021,3273.021,3166.966,3161.33,1753.625,FALSE
North America,2020-12-07,3509.812,3509.812,3509.812,3509.812,3509.812,2298.5,FALSE
Africa,2020-12-14,3659.624,3659.624,3659.624,2581.271,2095.956,346.875,FALSE
Oceania,2020-12-14,-7.665,5.53,5.53,-7.665,-8.056,2.25,FALSE
Europe,2020-12-14,8268.287,8268.586,8268.535,8268.287,8268.094,4671.375,FALSE
Asia,2020-12-14,9845.83,11358.247,11358.247,9845.83,6551.033,1511.125,FALSE
Latin America and Caribbean,2020-12-14,3494.6,3494.6,3494.6,3364.102,3364.102,1798.125,FALSE
North America,2020-12-14,3509.669,3509.669,3509.669,3509.669,3509.669,2554.875,FALSE
Africa,2020-12-21,4155.703,4155.703,4155.703,3933.692,2577.504,399.25,FALSE
Oceania,2020-12-21,-3.491,9.705,9.705,-3.491,-7.764,2,FALSE
Europe,2020-12-21,8040.592,8040.919,8040.698,8040.592,8040.54,4866.5,FALSE
Asia,2020-12-21,9093.57,11936.047,11936.047,9093.57,6033.179,1451.875,FALSE
Latin America and Caribbean,2020-12-21,3900.224,3900.224,3900.224,3792.121,3786.597,1977,FALSE
North America,2020-12-21,3660.297,3660.297,3660.297,3660.297,3660.297,2753.75,FALSE
Africa,2020-12-28,4797.635,5856.006,5856.006,4797.635,3699.291,531.5,FALSE
Oceania,2020-12-28,-11.984,-1.123,-1.123,-11.984,-14.655,1.5,FALSE
Europe,2020-12-28,8066.679,8067.181,8066.679,8066.545,8066.545,4221,FALSE
Asia,2020-12-28,7759.393,10735.633,10735.633,7759.393,5657.707,1367.75,FALSE
Latin America and Caribbean,2020-12-28,4513.054,4513.054,4513.054,4351.452,4351.452,1862.375,FALSE
North America,2020-12-28,4059.225,4059.225,4059.225,4059.225,4059.225,2386.25,FALSE
Africa,2021-01-04,4901.23,5526.293,5526.293,4901.23,3450.371,640.5,FALSE
Oceania,2021-01-04,-11.676,-5.168,-5.189,-11.676,-15.403,1.625,FALSE
Europe,2021-01-04,5880.768,5880.768,5880.768,5880.124,5880.124,4479.75,FALSE
Asia,2021-01-04,6849.405,9395.755,9395.755,6849.405,4312.867,1227,FALSE
Latin America and Caribbean,2021-01-04,5402.717,5426.546,5402.717,5296.161,5269.289,2076.375,FALSE
North America,2021-01-04,3499.304,3499.304,3499.304,3499.304,3499.304,2747.625,FALSE
Africa,2021-01-11,5033.319,5825.994,5825.994,5033.319,3577.082,768.25,FALSE
Oceania,2021-01-11,-31.308,-16.936,-16.936,-31.308,-31.308,1.25,FALSE
Europe,2021-01-11,5354.678,5354.917,5354.678,5354.506,5354.416,4976,FALSE
Asia,2021-01-11,6148.705,7373.686,7373.686,6148.705,4663.189,1084.125,FALSE
Latin America and Caribbean,2021-01-11,6706.997,6706.997,6706.997,6603.745,6574.608,2751.625,FALSE
North America,2021-01-11,3482.114,3482.114,3482.114,3482.114,3482.114,3265,FALSE
Africa,2021-01-18,4575.478,5504.076,5504.076,4575.478,2930.55,865.125,FALSE
Oceania,2021-01-18,2.594,9.341,9.341,2.594,0.253,0.625,FALSE
Europe,2021-01-18,5978.235,5978.398,5978.398,5978.235,5978.04,5165.125,FALSE
Asia,2021-01-18,5951.834,6796.517,6796.517,5951.834,4130.606,1162.75,FALSE
Latin America and Caribbean,2021-01-18,7160.902,7190.508,7160.902,6861.966,6861.966,2937.75,FALSE
North America,2021-01-18,3162.637,3162.637,3162.637,3162.637,3162.637,3267.25,FALSE
Africa,2021-01-25,4034.137,4034.137,4034.137,3748.645,2937.239,881.125,FALSE
Oceania,2021-01-25,-29.546,-16.34,-16.34,-29.546,-31.659,0.375,FALSE
Europe,2021-01-25,5353.938,5354.281,5353.97,5353.938,5353.903,5380.25,FALSE
Asia,2021-01-25,5687.693,5949.15,5949.15,5687.693,4812.029,1120.875,FALSE
Latin America and Caribbean,2021-01-25,6045.051,6045.051,6045.051,5939.78,5846.092,3516,FALSE
North America,2021-01-25,2632.685,2632.685,2632.685,2632.685,2632.685,3080.75,FALSE
Africa,2021-02-01,3225.566,3225.566,3225.566,3049.602,2113.883,786.875,FALSE
Oceania,2021-02-01,1.142,13.754,13.754,1.142,-1.478,0.5,FALSE
Europe,2021-02-01,3714.145,3714.462,3714.145,3713.761,3713.591,5203.5,FALSE
Asia,2021-02-01,5330.777,5330.777,5330.777,5270.193,2850.244,1159.5,FALSE
Latin America and Caribbean,2021-02-01,5341.193,5345.514,5341.193,5266.252,5225.302,3605.375,FALSE
North America,2021-02-01,2300.471,2300.471,2300.471,2300.471,2300.471,3123.75,FALSE
Africa,2021-02-08,2924.33,3098.747,3098.747,2924.33,1609.245,570.625,FALSE
Oceania,2021-02-08,-16.159,-2.916,-2.916,-16.159,-18.323,0.5,FALSE
Europe,2021-02-08,3028.691,3029.202,3028.691,3028.49,3028.49,4728.625,FALSE
Asia,2021-02-08,4786.846,4786.846,4786.846,4683.359,2574.146,959.75,FALSE
Latin America and Caribbean,2021-02-08,4530.609,4577.281,4530.609,4497.682,4406.367,3365.75,FALSE
North America,2021-02-08,1487.399,1487.399,1487.399,1487.399,1487.399,2906.625,FALSE
Africa,2021-02-15,3127.568,3127.568,3127.568,2801.607,1647.658,481.75,FALSE
Oceania,2021-02-15,-30.041,-18.038,-18.038,-30.041,-31.933,0.375,FALSE
Europe,2021-02-15,2668.909,2669.232,2668.909,2668.695,2668.586,4092.75,FALSE
Asia,2021-02-15,5375.684,5375.684,5375.684,4325.441,2804.677,859.5,FALSE
Latin America and Caribbean,2021-02-15,4275.282,4317.357,4275.282,4267.855,4142.548,3477.625,FALSE
North America,2021-02-15,1254.542,1254.542,1254.542,1254.542,1254.542,2374.75,FALSE
Africa,2021-02-22,2591.302,2591.302,2591.302,2588.08,1288.147,399.5,FALSE
Oceania,2021-02-22,-14.669,4.147,4.147,-14.669,-15.598,0.625,FALSE
Europe,2021-02-22,2028.876,2029.588,2028.876,2028.69,2028.69,3460.75,FALSE
Asia,2021-02-22,5740.153,5740.153,5740.153,5443.715,2488.231,839.125,FALSE
Latin America and Caribbean,2021-02-22,4059.558,4073.075,4059.558,4038.244,3956.21,3067.5,FALSE
North America,2021-02-22,929.042,929.042,929.042,929.042,929.042,1871.5,FALSE
Africa,2021-03-01,2933.932,2933.932,2933.932,2519.973,1071.383,335.625,FALSE
Oceania,2021-03-01,-20.729,-1.054,-1.054,-20.729,-21.584,0.75,FALSE
Europe,2021-03-01,1958.04,1958.894,1958.064,1958.04,1957.779,3108.25,FALSE
Asia,2021-03-01,5918.358,6304.526,5918.358,5816.538,3238.497,934.125,FALSE
Latin America and Caribbean,2021-03-01,5409.58,5456.041,5428.876,5409.58,5304.79,3111,FALSE
North America,2021-03-01,527.45,527.45,527.45,527.45,527.45,1952,FALSE
Africa,2021-03-08,3225.844,3225.844,3225.844,2884.093,1056.65,298.125,FALSE
Oceania,2021-03-08,-16.089,1.562,1.562,-16.089,-16.142,0.75,FALSE
Europe,2021-03-08,2514.723,2515.577,2515.276,2514.723,2514.125,3072.625,FALSE
Asia,2021-03-08,6266.646,6775.961,6266.646,5638.745,3547.976,816,FALSE
Latin America and Caribbean,2021-03-08,5307.675,5387.063,5352.856,5307.675,5232.738,3228.125,FALSE
North America,2021-03-08,215.092,215.092,215.092,215.092,215.092,1592.125,FALSE
Africa,2021-03-15,3291.958,3291.958,3291.958,2774.89,962.504,296.75,FALSE
Oceania,2021-03-15,-7.042,16.409,16.409,-7.042,-9.788,1.375,FALSE
Europe,2021-03-15,3115.498,3116.307,3115.648,3115.498,3114.727,3029.75,FALSE
Asia,2021-03-15,7159.451,8100.999,8100.999,7159.451,4852.752,844,FALSE
Latin America and Caribbean,2021-03-15,5217.954,5296.796,5271.612,5217.954,5142.955,3393.75,FALSE
North America,2021-03-15,150.435,150.435,150.435,150.435,150.435,1193.875,FALSE
Africa,2021-03-22,3407.255,3407.255,3407.255,2647.001,1305.218,298.25,FALSE
Oceania,2021-03-22,-16.138,7.771,7.771,-16.138,-18.673,2,FALSE
Europe,2021-03-22,3854.821,3855.555,3854.86,3854.821,3853.926,3121.875,FALSE
Asia,2021-03-22,7498.164,9544.742,9544.742,7498.164,5096.071,1213.625,FALSE
Latin America and Caribbean,2021-03-22,5315.112,5388.463,5315.112,5255.548,5221.595,3791.375,FALSE
North America,2021-03-22,284.635,284.635,284.635,284.635,284.635,1027.625,FALSE
Africa,2021-03-29,3711.799,3711.799,3711.799,2916.869,1420.788,290.25,FALSE
Oceania,2021-03-29,1.06,17.05,17.05,1.06,-6.143,2,FALSE
Europe,2021-03-29,4202.261,4202.864,4202.261,4201.997,4201.853,3437.5,FALSE
Asia,2021-03-29,10963.059,12207.221,12207.221,10963.059,7766.799,1118.25,FALSE
Latin America and Caribbean,2021-03-29,5393.866,5455.847,5393.866,5302.694,5302.694,4271,FALSE
North America,2021-03-29,90.235,90.235,90.235,90.235,90.235,960.125,FALSE
Africa,2021-04-05,4441.15,4441.15,4441.15,3436.009,1691.728,271.25,FALSE
Oceania,2021-04-05,-26.79,-9.085,-17.306,-26.79,-37.655,2.75,FALSE
Europe,2021-04-05,4220.199,4220.199,4220.199,4187.362,4170.514,3321,FALSE
Asia,2021-04-05,16487.752,18185.123,18185.123,16487.752,9974.511,1459.5,FALSE
Latin America and Caribbean,2021-04-05,5484.818,5532.523,5484.818,5482.31,5458.497,4309.875,FALSE
North America,2021-04-05,459.806,459.806,459.806,459.806,459.806,806.25,FALSE
Africa,2021-04-12,4790.874,4790.874,4790.874,4071.063,1770.566,264.875,FALSE
Oceania,2021-04-12,0.696,30.3,30.3,0.696,-4.396,1.25,FALSE
Europe,2021-04-12,4106.757,4110.685,4110.685,4106.757,4087.883,3535.75,FALSE
Asia,2021-04-12,20031.41,23485.431,20031.41,19752.645,14347.553,2071.75,FALSE
Latin America and Caribbean,2021-04-12,5846.992,5893.309,5846.992,5723.774,5723.774,5284.625,FALSE
North America,2021-04-12,255.149,255.149,255.149,255.149,255.149,951.375,FALSE
Africa,2021-04-19,4649.109,4649.109,4649.109,3665.514,1771.099,310.875,FALSE
Oceania,2021-04-19,-1.119,25.614,25.614,-1.119,-8.736,3,FALSE
Europe,2021-04-19,4254.187,4254.63,4254.187,4236.78,4211.485,3428.5,FALSE
Asia,2021-04-19,23896.542,28147.956,24838.43,23896.542,17600.038,2787.875,FALSE
Latin America and Caribbean,2021-04-19,5778.475,5808.479,5778.475,5681.397,5681.397,4946.875,FALSE
North America,2021-04-19,574.406,574.406,574.406,574.406,574.406,740.5,FALSE
Africa,2021-04-26,4785.021,4785.021,4785.021,3505.314,1530.636,316.125,FALSE
Oceania,2021-04-26,11.165,36.261,36.261,11.165,0.062,2.125,FALSE
Europe,2021-04-26,3837.97,3837.97,3837.97,3836.336,3830.422,3210,FALSE
Asia,2021-04-26,34664.993,47655.585,34664.993,32166,24100.081,4062.125,FALSE
Latin America and Caribbean,2021-04-26,5714.31,5728.559,5714.31,5675.822,5570.181,4802.375,FALSE
North America,2021-04-26,639.949,639.949,639.949,639.949,639.949,734.875,FALSE
Africa,2021-05-03,4741.751,5014.007,4741.751,4224.814,1989.722,302.875,FALSE
Oceania,2021-05-03,19.273,33.969,33.969,19.273,12.845,1.875,FALSE
Europe,2021-05-03,2443.674,2443.674,2443.674,2431.211,2414.615,2769.5,FALSE
Asia,2021-05-03,45079.861,77214.526,77214.526,45079.861,24468.354,5066.25,FALSE
Latin America and Caribbean,2021-05-03,4994.806,4994.806,4994.806,4930.577,4844.996,4632.125,FALSE
North America,2021-05-03,501.149,501.149,501.149,501.149,501.149,720.125,FALSE
Africa,2021-05-10,4789.167,4987.499,4789.167,4259.913,1907.492,306,FALSE
Oceania,2021-05-10,-8.971,8.635,8.635,-8.971,-19.361,0.875,FALSE
Europe,2021-05-10,2255.429,2256.993,2256.993,2255.429,2244.163,2357,FALSE
Asia,2021-05-10,50135.053,77619.177,77619.177,50135.053,24237.837,5491.25,FALSE
Latin America and Caribbean,2021-05-10,4848.341,4848.341,4848.341,4778.038,4744.123,4258.75,FALSE
North America,2021-05-10,541.92,541.92,541.92,541.92,541.92,688,FALSE
Africa,2021-05-17,4670.831,4670.831,4670.831,3782.166,2044.748,271.625,FALSE
Oceania,2021-05-17,1.708,26.062,26.062,1.708,-6.35,2,FALSE
Europe,2021-05-17,1785.739,1785.739,1785.739,1757.332,1744.113,1983.875,FALSE
Asia,2021-05-17,50174.3,79282.29,79282.29,50174.3,22135.518,5595.75,FALSE
Latin America and Caribbean,2021-05-17,4673.265,4747.936,4673.265,4656.331,4567.139,4034.25,FALSE
North America,2021-05-17,682.292,682.292,682.292,682.292,682.292,607.75,FALSE
Africa,2021-05-24,5381.048,5381.048,5381.048,4355.986,2237.229,295.875,FALSE
Oceania,2021-05-24,2.6,31.203,31.203,2.6,-2.422,2.5,FALSE
Europe,2021-05-24,1444.361,1444.361,1444.361,1426.061,1411.822,1587.875,FALSE
Asia,2021-05-24,52371.471,83167.727,83167.727,52371.471,21186.565,5570.875,FALSE
Latin America and Caribbean,2021-05-24,4604.423,4694.822,4604.423,4597.46,4508.53,3894,FALSE
North America,2021-05-24,440.692,440.692,440.692,440.692,440.692,575.25,FALSE
Africa,2021-05-31,5582.375,5582.375,5582.375,4675.465,2157.19,279.75,FALSE
Oceania,2021-05-31,-27.161,-0.764,-0.764,-27.161,-27.161,1.125,FALSE
Europe,2021-05-31,1630.816,1630.816,1630.816,1609.286,1593.212,1351.625,FALSE
Asia,2021-05-31,41442.601,83769.649,83769.649,41442.601,18601.073,4831.375,FALSE
Latin America and Caribbean,2021-05-31,4601.968,4662.848,4662.848,4601.968,4543.603,3902.375,FALSE
North America,2021-05-31,560.663,560.663,560.663,560.663,560.663,616.875,FALSE
Africa,2021-06-07,4673.328,4673.328,4673.328,3769.073,1595.07,284.375,FALSE
Oceania,2021-06-07,-7.134,17.465,17.465,-7.134,-11.365,0.25,FALSE
Europe,2021-06-07,2444.187,2449.492,2444.187,2438.681,2418.39,1121.5,FALSE
Asia,2021-06-07,33864.548,65093.481,65093.481,33864.548,17215.238,4049.5,FALSE
Latin America and Caribbean,2021-06-07,4355.95,4580.58,4406.008,4355.95,4291.717,3739.161,FALSE
North America,2021-06-07,408.292,408.292,408.292,408.292,408.292,478.875,FALSE
Africa,2021-06-14,4598.362,4598.362,4598.362,4128.209,1638.385,336.875,FALSE
Oceania,2021-06-14,1.853,13.821,13.821,1.853,-3.492,0.125,FALSE
Europe,2021-06-14,2764.095,2770.911,2764.095,2751.194,2746.199,1023.5,FALSE
Asia,2021-06-14,22645.858,35613.015,22645.858,21787.271,16065.897,3758.75,FALSE
Latin America and Caribbean,2021-06-14,4355.872,4428.48,4428.48,4355.872,4299.332,4073.25,FALSE
North America,2021-06-14,506.52,506.52,506.52,506.52,506.52,356.875,FALSE
Africa,2021-06-21,4926.445,5686.256,5686.256,4926.445,2707.381,411,FALSE
Oceania,2021-06-21,-23.883,2.213,2.213,-23.883,-27.399,1.375,FALSE
Europe,2021-06-21,2502.416,2509.253,2502.416,2496.203,2492.138,891.75,FALSE
Asia,2021-06-21,18752.633,31250.442,21605.578,18752.633,13108.088,3084.875,FALSE
Latin America and Caribbean,2021-06-21,4256.888,4302.691,4302.691,4256.888,4175.909,3959.025,FALSE
North America,2021-06-21,474.492,474.492,474.492,474.492,474.492,311.75,FALSE
Africa,2021-06-28,4941.831,5704.091,5704.091,4941.831,2370.236,521.875,FALSE
Oceania,2021-06-28,-22.856,-8.769,-11.668,-22.856,-23.047,1.25,FALSE
Europe,2021-06-28,2259.396,2266.641,2259.396,2255.961,2243.848,977,FALSE
Asia,2021-06-28,20111.746,28340.516,21111.271,20111.746,14486.52,2479.75,FALSE
Latin America and Caribbean,2021-06-28,4216.799,4270.23,4270.23,4216.799,4080.769,3650.5,FALSE
North America,2021-06-28,700.349,700.349,700.349,700.349,700.349,301.5,FALSE
Africa,2021-07-05,5013.866,5693.887,5693.887,5013.866,2431.288,741.875,FALSE
Oceania,2021-07-05,-11.886,6.685,3.907,-11.886,-11.886,2.375,FALSE
Europe,2021-07-05,2943.54,2947.401,2943.54,2938.174,2927.108,987,FALSE
Asia,2021-07-05,19864.337,27153.988,21028.519,19864.337,14959.512,2311.25,FALSE
Latin America and Caribbean,2021-07-05,3556.471,3561.549,3556.471,3452.119,3448.137,3438.875,FALSE
North America,2021-07-05,509.977,509.977,509.977,509.977,509.977,236.875,FALSE
Africa,2021-07-12,5498.186,6473.247,6473.247,5498.186,2936.943,859,FALSE
Oceania,2021-07-12,7.217,13.515,9.48,7.217,3.064,4.75,FALSE
Europe,2021-07-12,3310.589,3314.487,3310.589,3296.88,3281.018,952.875,FALSE
Asia,2021-07-12,20001.859,28621.632,22676.246,20001.859,16130.165,2975.625,FALSE
Latin America and Caribbean,2021-07-12,3484.468,3512.755,3484.468,3393.164,3393.164,2959.625,FALSE
North America,2021-07-12,553.006,553.006,553.006,553.006,553.006,245.625,FALSE
Africa,2021-07-19,5459.177,6328.536,6328.536,5459.177,3033.47,855.875,FALSE
Oceania,2021-07-19,4.235,25.154,19.593,4.235,4.235,8.75,FALSE
Europe,2021-07-19,3283.692,3287.6,3287.6,3283.692,3250.996,952.25,FALSE
Asia,2021-07-19,20563.699,30221.188,30221.188,20563.699,16789.335,3140.625,FALSE
Latin America and Caribbean,2021-07-19,3548.107,3587.05,3548.107,3442.302,3442.302,2735,FALSE
North America,2021-07-19,776.549,776.549,776.549,776.549,776.549,264.25,FALSE
Africa,2021-07-26,5446.551,6480.521,6480.521,5446.551,2693.138,918.25,FALSE
Oceania,2021-07-26,4.995,19.16,9.141,4.995,1.507,15,FALSE
Europe,2021-07-26,3347.189,3347.71,3347.71,3347.189,3313.614,994.125,FALSE
Asia,2021-07-26,22738.423,30098.074,26389.577,22738.423,18598.134,3922.75,FALSE
Latin America and Caribbean,2021-07-26,3721.447,3746.06,3721.447,3650.443,3650.443,2459.786,FALSE
North America,2021-07-26,1065.435,1065.435,1065.435,1065.435,1065.435,275.875,FALSE
Africa,2021-08-02,3653.563,6450.101,6450.101,3653.563,2713.065,939.75,FALSE
Oceania,2021-08-02,4.341,17.449,6.854,4.341,-2.165,10.375,FALSE
Europe,2021-08-02,3246.591,3251.615,3251.615,3246.591,3234.928,1071.25,FALSE
Asia,2021-08-02,26510.428,32592.4,27729.025,26510.428,21732.484,4220.125,FALSE
Latin America and Caribbean,2021-08-02,3692.859,3729.494,3692.859,3610.986,3518.425,2436.75,FALSE
North America,2021-08-02,1533.035,1533.035,1533.035,1533.035,1533.035,383.875,FALSE
Africa,2021-08-09,3393.472,6471.698,6471.698,3393.472,2171.427,905.625,FALSE
Oceania,2021-08-09,-0.815,12.098,3.868,-0.815,-10.624,13.875,FALSE
Europe,2021-08-09,3679.547,3682.831,3681.676,3679.547,3651.303,1148.375,FALSE
Asia,2021-08-09,26226.665,32451.754,26737.943,26226.665,20866.223,4575.5,FALSE
Latin America and Caribbean,2021-08-09,3946.692,3946.692,3946.692,3760.434,3760.434,2252,FALSE
North America,2021-08-09,1950.263,1950.263,1950.263,1950.263,1950.263,509.125,FALSE
Africa,2021-08-16,3375.45,6353.416,6353.416,3375.45,2270.588,876.125,FALSE
Oceania,2021-08-16,-0.766,14.578,7.945,-0.766,-14.031,22.125,FALSE
Europe,2021-08-16,3627.256,3630.28,3627.256,3622.365,3595.599,1214.25,FALSE
Asia,2021-08-16,26863.645,30863.158,26888.84,26863.645,19775.125,4775.25,FALSE
Latin America and Caribbean,2021-08-16,4070.65,4085.607,4070.65,3993.26,3957.422,2097,FALSE
North America,2021-08-16,2451.235,2451.235,2451.235,2451.235,2451.235,716.125,FALSE
Africa,2021-08-23,5410.679,6629.328,6629.328,5410.679,2359.972,788.125,FALSE
Oceania,2021-08-23,-20.562,10.735,10.735,-20.562,-35.37,27.125,FALSE
Europe,2021-08-23,3504.238,3504.238,3504.238,3495.948,3464.866,1366.75,FALSE
Asia,2021-08-23,26327.226,31081.633,27576.394,26327.226,19666.366,4628.75,FALSE
Latin America and Caribbean,2021-08-23,3981.68,4059.651,3981.68,3843.905,3839.738,2097.375,FALSE
North America,2021-08-23,2747.777,2747.777,2747.777,2747.777,2747.777,1088.375,FALSE
Africa,2021-08-30,4847.13,6043.316,6043.316,4847.13,2089.272,781.625,FALSE
Oceania,2021-08-30,-20.119,3.082,-0.461,-20.119,-26.377,29.875,FALSE
Europe,2021-08-30,3520.519,3521.805,3521.805,3520.519,3477.932,1497.75,FALSE
Asia,2021-08-30,24812.195,27133.752,26338.47,24812.195,17891.964,4248.5,FALSE
Latin America and Caribbean,2021-08-30,3836.898,3836.898,3836.898,3746.44,3673.917,1952.25,FALSE
North America,2021-08-30,2897.177,2897.177,2897.177,2897.177,2897.177,1374.75,FALSE
Africa,2021-09-06,4593.323,4593.323,4593.323,4127.143,1674.482,622,FALSE
Oceania,2021-09-06,-34.621,-15.976,-15.976,-34.621,-45.387,27.375,FALSE
Europe,2021-09-06,4868.395,4868.395,4868.395,4859.956,4821.806,1541.25,FALSE
Asia,2021-09-06,24047.346,24640.027,24047.346,23190.166,18264.889,3870.25,FALSE
Latin America and Caribbean,2021-09-06,3383.034,3383.034,3383.034,3244.339,3208.381,1871.125,FALSE
North America,2021-09-06,2910.063,2910.063,2910.063,2910.063,2910.063,1485.625,FALSE
Africa,2021-09-13,4373.997,4373.997,4373.997,3979.218,1340.745,506,FALSE
Oceania,2021-09-13,-23.834,-2.673,-10.492,-23.834,-24.79,23.5,FALSE
Europe,2021-09-13,4590.427,4590.427,4590.427,4579.483,4535.571,1602.875,FALSE
Asia,2021-09-13,21735.557,24069.822,22083.964,21735.557,17384.101,3417.5,FALSE
Latin America and Caribbean,2021-09-13,2997.902,2997.902,2997.902,2905.784,2898.002,1619.25,FALSE
North America,2021-09-13,2827.492,2827.492,2827.492,2827.492,2827.492,1771.5,FALSE
Africa,2021-09-20,4425.179,4425.179,4425.179,3778.436,1284.171,432.375,FALSE
Oceania,2021-09-20,-20.936,-2.863,-2.863,-20.936,-28.163,24.875,FALSE
Europe,2021-09-20,4337.23,4337.23,4337.23,4330.913,4280.474,1694,FALSE
Asia,2021-09-20,20120.748,21387.823,20437.41,20120.748,16505.902,2935.5,FALSE
Latin America and Caribbean,2021-09-20,2737.62,2758.732,2737.62,2577.315,2577.315,1550.75,FALSE
North America,2021-09-20,2595.92,2595.92,2595.92,2595.92,2595.92,2073.625,FALSE
Africa,2021-09-27,4130.283,4130.283,4130.283,3807.289,966.092,398.625,FALSE
Oceania,2021-09-27,16.748,32.026,26.931,16.748,13.51,29,FALSE
Europe,2021-09-27,4448.006,4451.462,4451.462,4448.006,4385.271,1781,FALSE
Asia,2021-09-27,18549.944,19587.717,18681.414,18549.944,14755.846,2271.5,FALSE
Latin America and Caribbean,2021-09-27,2320.593,2320.593,2320.593,2166.21,2152.345,1435.393,FALSE
North America,2021-09-27,2491.798,2498.065,2491.798,2487.385,2470.761,2148.125,FALSE
Africa,2021-10-04,4354.884,4354.884,4354.884,3371.905,714.045,436,FALSE
Oceania,2021-10-04,-17.795,54.753,13.524,-17.795,-17.795,31.125,FALSE
Europe,2021-10-04,6403.57,6421.379,6420.554,6403.57,6327.842,1906,FALSE
Asia,2021-10-04,16022.491,17105.821,16022.491,15398.853,12022.647,1965.875,FALSE
Latin America and Caribbean,2021-10-04,1608.823,1700.411,1608.823,1567.689,1425.214,1310.125,FALSE
North America,2021-10-04,2088.487,2090.971,2090.971,2088.487,2076.023,2002.5,FALSE
Africa,2021-10-11,4198.652,4198.652,4198.652,3361.34,702.896,261.75,FALSE
Oceania,2021-10-11,-15.805,23.606,23.606,-15.805,-24.304,25.5,FALSE
Europe,2021-10-11,6889.524,6920.736,6920.736,6889.524,6808.927,2169.125,FALSE
Asia,2021-10-11,16115.702,16121.493,16115.702,13892.743,11796.695,1644.375,FALSE
Latin America and Caribbean,2021-10-11,1394.347,1444.755,1439.662,1394.347,1223.382,1210,FALSE
North America,2021-10-11,1865.844,1876.438,1876.438,1865.844,1853.752,1633,FALSE
Africa,2021-10-18,4091.058,4091.058,4091.058,2761.406,469.864,216.625,FALSE
Oceania,2021-10-18,18.871,43.202,43.202,18.871,13.495,29.375,FALSE
Europe,2021-10-18,7485.636,7485.636,7485.636,7479.557,7376.368,2384.75,FALSE
Asia,2021-10-18,15970.369,15970.369,15970.369,13500.757,11211.468,1462.25,FALSE
Latin America and Caribbean,2021-10-18,1105.278,1141.27,1113.69,1105.278,907.633,931.125,FALSE
North America,2021-10-18,1689.893,1701.398,1701.398,1689.893,1668.241,1717,FALSE
Africa,2021-10-25,3753.515,3753.515,3753.515,2797.261,168.671,201.625,FALSE
Oceania,2021-10-25,-24.167,6.875,6.875,-24.167,-26.839,26.375,FALSE
Europe,2021-10-25,7674.934,7693.795,7680.299,7674.934,7593.35,2757.875,FALSE
Asia,2021-10-25,17157.728,18120.841,17157.728,14398.334,11372.124,1496.5,FALSE
Latin America and Caribbean,2021-10-25,965.537,990.699,990.699,965.537,768.236,870.75,FALSE
North America,2021-10-25,1571.306,1577.118,1577.118,1571.306,1559.403,1684.625,FALSE
Africa,2021-11-01,3456.146,3456.146,3456.146,2999.334,736.096,182.375,FALSE
Oceania,2021-11-01,27.484,66.354,66.354,27.484,21.466,19.25,FALSE
Europe,2021-11-01,9107.354,9148.065,9148.065,9107.354,8997.803,3134.625,FALSE
Asia,2021-11-01,16316.992,16758.867,16316.992,14907.896,11375.382,1658.875,FALSE
Latin America and Caribbean,2021-11-01,1179.382,1198.696,1198.696,1179.382,1024.823,796.25,FALSE
North America,2021-11-01,1407.301,1431.403,1431.403,1407.301,1389.646,1350.75,FALSE
Africa,2021-11-08,3755.912,3755.912,3755.912,3322.892,793.836,175.875,FALSE
Oceania,2021-11-08,43.144,57.19,57.19,43.144,22.157,18,FALSE
Europe,2021-11-08,9414.59,9425.708,9414.59,9395.943,9268.502,3476.25,FALSE
Asia,2021-11-08,15527.419,15527.419,15527.419,12716.01,9995.531,1441.125,FALSE
Latin America and Caribbean,2021-11-08,1158.405,1248.627,1158.405,1155.039,952.224,647.375,FALSE
North America,2021-11-08,1471.561,1503.928,1503.928,1471.561,1460.475,1240.125,FALSE
Africa,2021-11-15,3455.939,3455.939,3455.939,2942.234,576.104,164.75,FALSE
Oceania,2021-11-15,44.673,60.41,60.41,44.673,32.153,15.875,FALSE
Europe,2021-11-15,9685.512,9690.781,9685.512,9672.499,9492.058,3717.125,FALSE
Asia,2021-11-15,13841.743,14001.338,13841.743,12729.633,9703.45,1400.125,FALSE
Latin America and Caribbean,2021-11-15,1099.825,1184.353,1099.825,1074.156,1003.703,663,FALSE
North America,2021-11-15,1268.949,1302.861,1302.861,1268.949,1261.445,1248.375,FALSE
Africa,2021-11-22,3345.966,3345.966,3345.966,2611.172,579.873,156.625,FALSE
Europe,2021-11-22,9768.003,9772.348,9768.003,9732.545,9677.992,3886.75,FALSE
Asia,2021-11-22,14493.567,14493.567,14493.567,13427.619,9375.818,1410,FALSE
Latin America and Caribbean,2021-11-22,987.195,1043.734,987.195,984.803,829.574,603.625,FALSE
Oceania,2021-11-22,33.378,87.048,76.624,33.378,29.725,24.875,FALSE
North America,2021-11-22,1398.681,1427.706,1427.706,1398.681,1392.59,1187.875,FALSE
Africa,2021-11-29,3643.693,3643.693,3643.693,3102.376,971.855,161.625,FALSE
Europe,2021-11-29,10139.014,10161.445,10139.014,10008.368,10008.368,3880,FALSE
Asia,2021-11-29,13246.011,14799.955,14799.955,13246.011,9160.606,1446,FALSE
Latin America and Caribbean,2021-11-29,1029.104,1040.01,1033.563,1029.104,898.751,656.625,FALSE
Oceania,2021-11-29,21.375,43.237,27.875,21.375,17.696,15.25,FALSE
North America,2021-11-29,1629.611,1643.891,1643.365,1629.611,1619.674,977.5,FALSE
Africa,2021-12-06,3586.573,3586.573,3586.573,2993.774,725.075,155.75,FALSE
Europe,2021-12-06,7572.04,7717.688,7655.75,7572.04,7415.415,3805.875,FALSE
Asia,2021-12-06,13716.355,16498.152,16498.152,13716.355,8056.049,1639.125,FALSE
Latin America and Caribbean,2021-12-06,1247.053,1781.933,1781.933,1247.053,986.299,633.375,FALSE
Oceania,2021-12-06,37.616,60.275,60.275,37.616,28.326,9.75,FALSE
North America,2021-12-06,1689.318,1709.155,1709.155,1689.318,1664.935,1701.75,FALSE
Africa,2021-12-13,4040.014,4040.014,4040.014,3774.847,1656.274,139.75,FALSE
Europe,2021-12-13,7124.302,7155.626,7124.302,7088.392,6816.641,3815,FALSE
Asia,2021-12-13,12312.667,12323.463,12312.667,11911.602,7338.325,1284.125,FALSE
Latin America and Caribbean,2021-12-13,1286.89,1883.523,1883.523,1286.89,991.653,590,FALSE
Oceania,2021-12-13,-6.284,48.74,29.375,-6.284,-6.284,12.125,FALSE
North America,2021-12-13,1406.367,1422.679,1422.679,1406.367,1405.062,1339,FALSE
Africa,2021-12-20,4839.7,5550.849,5550.849,4839.7,3451.61,159.375,FALSE
Europe,2021-12-20,6249.53,6438.17,6438.17,6249.53,6148.691,3641.25,FALSE
Asia,2021-12-20,12359.909,12359.909,12359.909,11797.712,7845.78,1188.875,FALSE
Latin America and Caribbean,2021-12-20,1366.53,2000.807,2000.807,1366.53,1073.863,527.25,FALSE
Oceania,2021-12-20,30.424,57.747,50.925,30.424,30.424,6.625,FALSE
North America,2021-12-20,1302.588,1332.024,1332.024,1302.588,1281.879,1366,FALSE
Africa,2021-12-27,5428.985,5794.443,5794.443,5428.985,3601.95,205.5,FALSE
Europe,2021-12-27,5583.308,5883.741,5665.189,5583.308,5425.625,3198,FALSE
Asia,2021-12-27,12368.928,12860.275,12860.275,12368.928,8050.473,1203.375,FALSE
Latin America and Caribbean,2021-12-27,1585.4,2124.982,2124.982,1585.4,1385.452,420.875,FALSE
Oceania,2021-12-27,10.819,77.209,73.306,10.819,10.819,7.25,FALSE
North America,2021-12-27,1240.808,1274.145,1274.145,1240.808,1215.288,1530,FALSE
Africa,2022-01-03,4799.211,6007.325,4799.211,4297.106,3874.629,226.125,FALSE
Europe,2022-01-03,4125.019,4130.643,4125.019,3221.557,3221.557,3044.75,FALSE
Asia,2022-01-03,7530.047,12797.585,9564.755,7530.047,6441.228,1019.25,FALSE
Latin America and Caribbean,2022-01-03,2480.643,3153.817,2480.643,2136.952,2039.022,395.25,FALSE
Oceania,2022-01-03,123.165,128.693,123.165,23.901,-10.943,10.25,FALSE
North America,2022-01-03,3142.64,3893.414,3142.64,2935.614,1720.96,1441.125,FALSE
Africa,2022-01-10,4241.209,6074.186,4241.209,3977.776,3146.979,298.125,FALSE
Europe,2022-01-10,4217.899,4217.899,4217.899,3038.388,3038.388,2813.5,FALSE
Asia,2022-01-10,14671.768,18496.378,14671.768,12004.669,9749.545,1032.25,FALSE
Latin America and Caribbean,2022-01-10,2381.733,4077.634,2520.515,2381.733,1782.717,456.625,FALSE
Oceania,2022-01-10,250.157,250.157,250.157,59.257,19.313,20.5,FALSE
North America,2022-01-10,3517.278,3594.347,3517.278,2563.372,1828.779,1760.875,FALSE
Africa,2022-01-17,3557.155,6608.098,3557.155,3515.461,2338.789,345.875,FALSE
Europe,2022-01-17,6248.067,7145.529,6248.067,5004.677,3676.807,3017.625,FALSE
Asia,2022-01-17,23110.177,28480.682,23110.177,17952.102,14731.417,1031.875,FALSE
Latin America and Caribbean,2022-01-17,3707.2,5603.526,4182.545,3707.2,3204.117,756.375,FALSE
Oceania,2022-01-17,268.879,281.307,268.879,46.063,46.063,53.75,FALSE
North America,2022-01-17,3351.41,3493.244,3351.41,3108.401,1676.537,1885.125,FALSE
Africa,2022-01-24,2853.45,4778.305,2853.45,2844.821,2116.09,395.875,FALSE
Europe,2022-01-24,6392.644,7774.306,6392.644,5290.238,3523.086,2923,FALSE
Asia,2022-01-24,28474.238,30101.329,28474.238,18705.504,15847.496,1203.25,FALSE
Latin America and Caribbean,2022-01-24,4307.459,6357.483,4712.897,4307.459,4179.039,1223.25,FALSE
Oceania,2022-01-24,183.212,283.932,183.212,64.487,64.487,73.625,FALSE
North America,2022-01-24,3507.945,5079.686,3507.945,3464.833,1693.089,2194.625,FALSE
Africa,2022-01-30,2856.558,4891.174,2856.558,2784.705,2060.186,332.875,FALSE
Europe,2022-01-30,6439.77,7782.792,6439.77,5371.762,3539.624,2816.5,FALSE
Asia,2022-01-30,28462.511,30113.576,28462.511,18838.333,16881.807,1461,FALSE
Latin America and Caribbean,2022-01-30,4378.162,6377.297,4706.144,4378.162,4267.01,1824.985,FALSE
Oceania,2022-01-30,183.987,283.679,183.987,64.455,64.455,84.625,FALSE
North America,2022-01-30,3506.583,5172.327,4298.226,3506.583,1690.753,2303.375,FALSE
